{
  "publicPath": "/",
  "all": [
    "css/1.068807641e21e048b862.css",
    "css/home.419b8ef8c825f5f09ad8.css",
    "home/index.html",
    "js/1.c8333f8d.min.js",
    "js/home.1da40357.min.js",
    "static/.gitignore",
    "static/1.js"
  ],
  "initial": [
    "css/home.419b8ef8c825f5f09ad8.css",
    "js/home.1da40357.min.js"
  ],
  "async": [
    "css/1.068807641e21e048b862.css",
    "js/1.c8333f8d.min.js",
    "static/1.js"
  ],
  "modules": {
    "4c765757": [
      1,
      4
    ],
    "a25347dc": [
      1,
      4
    ],
    "e733299a": [
      1,
      4
    ],
    "0ee66690": [
      1,
      4
    ],
    "cd4816d6": [
      1,
      4
    ],
    "63d98702": [
      1,
      4
    ],
    "43cc4acf": [
      1,
      4
    ],
    "67bf42a8": [
      1,
      4
    ],
    "6898d56a": [
      1,
      4
    ],
    "4f9fef0c": [
      0,
      3
    ],
    "15aa764f": [
      1,
      4
    ],
    "c8341a64": [
      0,
      3
    ],
    "3db6af08": [
      1,
      4
    ]
  }
}